id,text,date_time,impression_count,like_count,quote_count,reply_count,retweet_count,name,username,Month
702077405045899264,"Aprende hoy las profesiones del futuro, Â¡inscrÃ­bete en el #BBKBootcamp â© https://t.co/uJcCKObkPz

Junto con @TheBridge_Tech podrÃ¡s aprender sobre Desarrollo Web Full Stack, Data Science, Ciberseguridad y DiseÃ±o de producto digital UX UI. https://t.co/wdbmRphsAx",2022-11-22 08:01:31,0,2,0,0,2,FundaciÃ³n BBK | Obra Social,BBK_eus,2022-11
702077405045899264,"Ikasi gaur etorkizuneko lanbideak, izena eman #BBKBootcamp -ean â© https://t.co/xvm6ekbcMQ

@TheBridge_Tech -ekin batera,  Full Stack Web Garapena, Data Science, Zibersegurtasuna eta UX UI produktu digitalaren diseinuari buruz ikasteko aukera izango duzu. https://t.co/oxEOX35Osa",2022-11-22 08:05:10,0,2,0,0,1,FundaciÃ³n BBK | Obra Social,BBK_eus,2022-11
783248945761910788,"Acelerando juntos el #talentodigital en EspaÃ±a. El prÃ³ximo 24 de noviembre, nuestro #CEO Juan Zamora presentarÃ¡ Hopla! en las instalaciones de .@TheBridge_Tech a las 17:30h. Contaremos quiÃ©nes somos, quÃ© hacemos y cÃ³mo desarrollar una #carrerarofesional fructÃ­fera con nosotros. https://t.co/Sw9EUswIQ2",2022-11-22 08:18:42,0,3,0,1,1,Hopla! Software,HoplaSoftware,2022-11
1162694149956603904,"Â¡Ven a conocer los BBK bootcamps powered by @TheBridge_Tech! @BBK_eus 

PrÃ³ximo Open DayğŸ¤—
ğŸ“…1 dic
â°18.30
ğŸ“ @BBK_Kuna, Urazurrutia Kalea 3, Bilbao

Â¡LÃ¡nzate a por una carrera digital!
 
ğŸŸEntradas https://t.co/NBgXWjSYcE

#uxui #ciber #desarrollowebfullstack #datascience https://t.co/KFsgFfom5B",2022-11-23 10:13:36,0,3,0,0,4,The Bridge,TheBridge_Tech,2022-11
823470817963032576,"ğŸ”µAcelera tu carrera digital con #BBKBootcamps.

Gracias a la colaboraciÃ³n entre @BBK_eus y @TheBridge_Tech podrÃ¡s formarte con los mejores profesionales para lograr un trabajo con proyecciÃ³n.

ğŸ”—Elige tu curso https://t.co/RxICpzj9N6

#ux #developers #ciberseguridad #datascience",2022-11-24 12:15:15,0,4,0,0,3,BBK network,BBKnetwork,2022-11
1407291884901482496,"@Cyber_Madrid  organiza el I Congreso de #Ciberseguridad para #pymes
ğŸ“… 14 de diciembre 2022
ğŸ™ modalidad presencial
ğŸ¢ Palacio LÃ³pez-DÃ³riga, PÂº de Recoletos, 15, Madrid (Sede de @TheBridge_Tech)
ğŸ•¤09.00h a 14.30h.
InscrÃ­bete ya! Aforo limitado
ğŸ‘‡ğŸ‘‡ğŸ‘‡
https://t.co/kH1Nf3p6jU https://t.co/qil8He6ZVV",2022-11-28 08:12:55,0,2,0,0,1,Cluster CyberMadrid,Cyber_Madrid,2022-11
1162694149956603904,"Ãlvaro querÃ­a reorientar su carrera hacia el #uxuidesign ğŸ¤³ Buscaba algo rÃ¡pido y enfocado al usuario. EncontrÃ³ el #bootcamp en #uxuiproductdesign de @TheBridge_Tech y tan solo unos meses mÃ¡s tarde ya estaba trabajando en sector ğŸ™Œ

Â¡Gracias Ãlvaro por contar tu experiencia! https://t.co/SqCQe2PPo1",2022-11-28 14:17:28,0,1,0,0,1,The Bridge,TheBridge_Tech,2022-11
2402179123,"â˜• MiÃ©rcoles 30 NOV 9:00 @BAT_Tower Desayuno: La urgencia de cerrar la brecha de #talento digital en #Euskadi.
â¡ https://t.co/I5GS4SlhTR

ğŸ» Jueves 1 DIC 18:30 @BBK_Kuna: Open Day BBK #Bootcamps by @TheBridge_Tech
â¡ https://t.co/zfkRFWmYmm

Nos allÃ­!",2022-11-29 07:18:02,0,5,0,0,5,Jorge GonzÃ¡lez Revilla,jorgegrev,2022-11
137698811,"@ISMSForum y @Cyber_Madrid  te invitan al ""I Congreso de #Ciberseguridad para #pymes""
ğŸ“…14 de diciembre 2022, presencial. PÂº de Recoletos, 15, Madrid (Sede de @TheBridge_Tech)
ğŸ•¤ De 09.00h a 14.30h.
InscrÃ­bete gratis con el cÃ³digo ICONCIBERMAD22
ğŸ‘‡ğŸ‘‡ğŸ‘‡
https://t.co/2QuSKycUFg https://t.co/F883uUCXzY",2022-11-29 10:31:58,0,2,1,0,1,ISMS Forum,ISMSForum,2022-11
1162694149956603904,"Â¿Quieres conocer todo sobre el #bootcamp de #DesarrolloWebFullStack de @formacion_fuc3 y @TheBridge_Tech ? ğŸ¤—Â¡Ven a nuestra sesiÃ³n informativa!

ğŸ“…14 diciembre
â°17h.
ğŸ“ Campus de Puerta de Toledo u online.

Entradas ğŸŸ https://t.co/tzLp85K5Uc

Â¡Resolveremos todas tus dudas!ğŸ˜‰ https://t.co/VjVArHXbfF",2022-11-29 10:49:52,0,3,0,0,3,The Bridge,TheBridge_Tech,2022-11
2402179123,Este Jueves 1 de diciembre a las 18:30 en @BBK_Kuna #Bilbao se presentan los BBK #Bootcamps by @TheBridge_Tech con especialidades en #FullStack #CiberSeguridad #DataAnalyst y #Ciberseguridad InscÃ­bete al evento y networking ğŸ» https://t.co/o4y0MLPSsx,2022-11-29 16:18:50,0,1,0,0,0,Jorge GonzÃ¡lez Revilla,jorgegrev,2022-11
378449449,Este Jueves 1 de diciembre a las 18:30 en @BBK_Kuna #Bilbao se presentan los BBK #Bootcamps by @TheBridge_Tech con especialidades en #FullStack #CiberSeguridad #DataAnalyst y #Ciberseguridad InscrÃ­bete al evento y networking ğŸ»https://t.co/hLDF8paV6R,2022-11-29 16:21:33,0,3,0,0,1,"ExpansiÃ³nate, S.L.",ExpansionaT,2022-11
702077405045899264,"ğŸ”›Â DÃ­a de presentaciÃ³n, @TheBridge_Tech y #BBK unimos fuerzas para presentaros la nueva ediciÃ³n de #BBKBootcamps. 

ğŸ’» Aprende hoy las profesiones del futuro. https://t.co/nYo8bnc77A",2022-11-30 08:10:23,0,4,0,0,2,FundaciÃ³n BBK | Obra Social,BBK_eus,2022-11
702077405045899264,"ğŸ”› Aurkezpen eguna, @TheBridge_Tech eta #BBK -k indarrak batu ditugu #BBKBootcamps -en edizio berri honetan. 

ğŸ’» Ikasi gaur etorkizuneko lanbideak. https://t.co/jcQ2HM5g7Z",2022-11-30 08:13:41,0,2,0,0,1,FundaciÃ³n BBK | Obra Social,BBK_eus,2022-11
702077405045899264,"â˜•ï¸ğŸ¥ Comienza la jornada con un desayuno de empresas. 

Construye tu carrera en el sector digital con esta nueva ediciÃ³n de #BBKBootcamps. 

BBK ğŸ¤ @TheBridge_Tech https://t.co/ORyNrF3uKI",2022-11-30 08:21:21,0,2,0,0,2,FundaciÃ³n BBK | Obra Social,BBK_eus,2022-11
702077405045899264,"â˜•ï¸ğŸ¥ Jardunaldia enpresentzako gosariarekin hasi da @BAT_Tower -ean. 

Eraiki zure karrera sektore digitalean #BBKBootcamps -en edizio berri honekin.  

BBK ğŸ¤ @TheBridge_Tech https://t.co/VILvbVXDUl",2022-11-30 08:25:38,0,2,0,0,0,FundaciÃ³n BBK | Obra Social,BBK_eus,2022-11
702077405045899264,"ğŸ—£ Nora Sarasola, Directora de Obra Social de BBK da comienzo a la jornada de presentaciÃ³n de #BBKBootcamps trayendo a #Euskadi el reto del talento para la industria 4.0, inclusiÃ³n social y digital...

BBK ğŸ¤ @TheBridge_Tech https://t.co/84oRaLvEMq",2022-11-30 08:41:37,0,5,0,0,1,FundaciÃ³n BBK | Obra Social,BBK_eus,2022-11
702077405045899264,"ğŸ—£ Nora Sarasolak, BBK-ko Gizarte Ekintzako zuzendariak, hasiera eman dio jardunaldiari #Euskadi -ra talentuaren erronka ekarriz 4.0 industriarentzat, gizarteratze digitalarentzat...

BBK ğŸ¤ @TheBridge_Tech #BBKBootcamps https://t.co/6zqDJ61Dow",2022-11-30 08:43:35,0,3,0,0,1,FundaciÃ³n BBK | Obra Social,BBK_eus,2022-11
702077405045899264,"ğŸ—£ Continuamos con Iker Arce, CEO de @TheBridge_Tech nos presenta el contexto mÃ¡s global del gap de skills y puestos digitales con datos en el mundo, #Europa y en el marco comparado #EspaÃ±a.

#BBKBootcamps @BAT_Tower https://t.co/jM82e3AHyb",2022-11-30 08:51:00,0,3,0,0,2,FundaciÃ³n BBK | Obra Social,BBK_eus,2022-11
702077405045899264,"ğŸ—£ Iker Arcerekin, @TheBridge_Tech -eko CEO-a, jarraitzen dugu. Oraingoan munduko gap skill-en eta postu digitalen testuinguru globalena aurkeztuko digu; Europan eta Espainian batik bat. 

#BBKBootcamps @BAT_Tower https://t.co/jx7YIVKG4G",2022-11-30 08:53:19,0,3,0,0,1,FundaciÃ³n BBK | Obra Social,BBK_eus,2022-11
702077405045899264,"ğŸ¤” Â¿QuÃ© son los #BBKBootcamps de BBK y @TheBridge_Tech? Son cursos de metodologÃ­a Bootcamp de Desarrollo Web Full Stack, #DataScience, #Ciberseguridad y DiseÃ±o de Producto UX/UI. 

Nora Sarasola nos los cuenta â¤µï¸ https://t.co/B9HflSDraZ",2022-11-30 09:06:45,0,4,0,0,2,FundaciÃ³n BBK | Obra Social,BBK_eus,2022-11
702077405045899264,"ğŸ¤” Zer dira BBK eta @TheBridge_Tech -en #BBKBootcamps -ak? Bootcamp metodologia ikastaroak dira Full Stack Web Garapenerako, Datuen Zientziarako, Zibersegurtasunerako eta UX/UI produktuen diseinurako.

Nora Sarasolak hobeto kontatzen digu hemen â¤µï¸ https://t.co/kqrKydUWTK",2022-11-30 09:09:45,0,4,0,0,2,FundaciÃ³n BBK | Obra Social,BBK_eus,2022-11
702077405045899264,"ğŸ—£ TomÃ¡s Iriondo, CEO de @ClusterGaia: ""Tenemos que ayudar a la #pyme y para eso necesitamos crear #talento y en ese sentido este tipo de iniciativas como #BBKBootcamps, son ideales"". 

BBK ğŸ¤ @TheBridge_Tech https://t.co/CVrNCgJ1E5",2022-11-30 09:32:30,0,4,0,0,3,FundaciÃ³n BBK | Obra Social,BBK_eus,2022-11
702077405045899264,"ğŸ—£ TomÃ¡s Iriondo, @ClusterGaia -ko CEO: ""#ETEari lagundu behar diogu, eta, horretarako, #talentua sortu behar dugu. Horrelako ekimenak, hala nola #BBKBootcamp -ak, idealak dira."". 

BBK ğŸ¤ @TheBridge_Tech https://t.co/AEJsNDQvHb",2022-11-30 09:33:32,0,3,0,0,1,FundaciÃ³n BBK | Obra Social,BBK_eus,2022-11
702077405045899264,"#BBKBootcamps | ğŸ—£ RamÃ³n Lozano, director de tecnologÃ­a @ZucchettiSpain â¤µï¸ 

BBK ğŸ¤ @TheBridge_Tech https://t.co/hIF239eTzi",2022-11-30 09:43:54,0,4,1,0,2,FundaciÃ³n BBK | Obra Social,BBK_eus,2022-11
702077405045899264,"Finaliza la jornada de presentaciÃ³n de la nueva ediciÃ³n de  #BBKBootcamps ğŸ‘ Eskerrik asko gurera gerturatu zareten guztioi! 

Construye tu carrera en el sector digital â© https://t.co/pqjWocmmpo

BBK ğŸ¤ @TheBridge_Tech https://t.co/D9FHwW771N",2022-11-30 09:45:04,0,5,1,0,2,FundaciÃ³n BBK | Obra Social,BBK_eus,2022-11
702077405045899264,"#BBKBootcamps | ğŸ—£ Guillermo Dorronso, Management Advisory Board @Zabala_IC â¤µï¸

BBK ğŸ¤ @TheBridge_Tech https://t.co/aBluTid7LN",2022-11-30 09:45:27,0,5,3,0,3,FundaciÃ³n BBK | Obra Social,BBK_eus,2022-11
1951117790,"Open Day #Bilbao para conocer un #bootcam
ğŸ—“ï¸ 1/12/2022
â° 18:30
ğŸ“ @BBK_Kuna 
ğŸ—£ï¸@jorgegrev
by @TheBridge_Tech 
https://t.co/o2xcLzD8VM
en @BBKnetwork 
ğŸ·ï¸#BBKBootcamps #Bizkaia #FullStack #Data #UX #Ciberseguridad",2022-11-30 12:39:00,0,9,0,0,5,InfoLagun ğŸ¦,Infolagun,2022-11
146406912,"guillerdorron: RT @BBK_eus: #BBKBootcamps | ğŸ—£ Guillermo Dorronso, Management Advisory Board @Zabala_IC â¤µï¸

BBK ğŸ¤ @TheBridge_Tech https://t.co/3YeDuZwTna",2022-11-30 15:55:34,0,0,0,0,0,Edita Olaizola,EditaOla,2022-11
146406912,"guillerdorron: RT @BBK_eus: Finaliza la jornada de presentaciÃ³n de la nueva ediciÃ³n de  #BBKBootcamps ğŸ‘ Eskerrik asko gurera gerturatu zareten guztioi! 

Construye tu carrera en el sector digital â© https://t.co/8W7BQJ1sfv

BBK ğŸ¤ @TheBridge_Tech https://t.co/60teLII3Im",2022-11-30 15:55:34,0,0,0,0,0,Edita Olaizola,EditaOla,2022-11
146406912,"guillerdorron: RT @BBK_eus: ğŸ¤” Zer dira BBK eta @TheBridge_Tech -en #BBKBootcamps -ak? Bootcamp metodologia ikastaroak dira Full Stack Web Garapenerako, Datuen Zientziarako, Zibersegurtasunerako eta UX/UI produktuen diseinurako.

Nora Sarasolak hobetoâ€¦ https://t.co/UwIfXAaHZp",2022-11-30 15:55:35,0,0,0,0,0,Edita Olaizola,EditaOla,2022-11
1327588137346998273,"@TheBridge_Tech  se asocia con INCO Academy para impulsar la inclusiÃ³n y promover la empleabilidad en el sector tecnolÃ³gicoğŸ”µ

âœ…Mira la nota completa aquÃ­:
https://t.co/2TDJz3X17Q

ğŸ‘‰ ğŸ‘‰SuscrÃ­bete a nuestra Newsletter Mensual: https://t.co/ryTqtHb0VP ğŸ‘ˆğŸ‘ˆ https://t.co/ERS66fQXsx",2022-12-01 02:29:27,0,2,0,0,2,DIGITAL INNOVATION NEWS,innovation_news,2022-12
2402179123,"Esta tarde a las 18:30 tenemos la presentaciÃ³n de los #bbkbootcamps by @TheBridge_Tech en @BBK_Kuna 

â¡ï¸ Â¡PÃ¡sate a conocernos! https://t.co/WlRFgaEZpv https://t.co/8M94pExTRH",2022-12-01 12:45:37,0,5,0,0,5,Jorge GonzÃ¡lez Revilla,jorgegrev,2022-12
2529499620,"Â¿Quieres conocer todo sobre el #bootcamp de #DesarrolloWebFullStack de @TheBridge_Tech  y la @FundacionUc3  ?

No te pierdas la sesiÃ³n informativaâ—â—

ğŸ“…14 diciembre
â°17h.
ğŸ“ Campus Madrid-Puerta de Toledo.
ğŸ’» online.

ğŸ«Entrada #gratuita â¡ https://t.co/QiIRpb9108 https://t.co/rQ2WzDJMch",2022-12-01 13:17:27,0,3,1,0,3,FormaciÃ³n FundaciÃ³n Universidad Carlos III,formacion_fuc3,2022-12
702077405045899264,"ğŸ”™ Ayer vivimos una jornada muy interesante en el evento de presentaciÃ³n de la nueva ediciÃ³n de #BBKBootcamps realizada en colaboraciÃ³n con @TheBridge_Tech en la @BAT_Tower. Muchas gracias a todas las personas que acudisteis a la presentaciÃ³n ğŸ¤—

â•â„¹ï¸  https://t.co/4tyJZlGVPW https://t.co/39Y275Hr5Y",2022-12-01 15:58:32,0,3,0,1,2,FundaciÃ³n BBK | Obra Social,BBK_eus,2022-12
702077405045899264,"ğŸ”™ Atzo oso jardunaldi interesgarria izan genuen @BAT_Tower -ean @TheBridge_Tech  -rekin elkarlanean egindako BBK Bootcamp-en edizio berria aurkezteko ekitaldian. Mila esker aurkezpenera etorri zineten guztioi ğŸ¤— 

â„¹ï¸â•  https://t.co/oq37igkvIS https://t.co/ahuKUJ1IKY",2022-12-01 16:01:03,0,0,0,0,0,FundaciÃ³n BBK | Obra Social,BBK_eus,2022-12
702077405045899264,"Especial agradecimiento a @sarasola_nora, Directora de Obra Social; @ikerarceseco, CEO de @TheBridge_Tech; @OAldayturriaga, Responsable de EducaciÃ³n, Talento y Emprendimiento; Tomas Iriondo, Director de @ClusterGaia; @guillerdorron de @Zabala_IC; y Ramon Lozano de @ZucchettiSpain",2022-12-01 16:54:08,0,4,0,0,0,FundaciÃ³n BBK | Obra Social,BBK_eus,2022-12
108885393,"ğŸ’¡ Interesante intervenciÃ³n de RamÃ³n Lozano, director de #Tecnologia de Zucchetti Spain, en la mesa redonda sobre la urgencia de cerrar la  brecha digital en Euskadi celebrada ayer.

Una iniciativa de @BBK_eus @TheBridge_Tech

#BeZucchetti
@ZucchettiSpa @ZucchettiWorld https://t.co/jEhZaZhJdw",2022-12-02 08:40:07,0,4,0,0,1,Zucchetti Spain,ZucchettiSpain,2022-12
1530194743786881024,"Agredecemos @TheBridge_Tech por acoger nuestro Meetup una vez mas! ğŸ”¥

Parece que los #Bitcoin ers pueden comportarse despuÃ©s de todo ğŸ˜

Mas sobre @TheBridge_Tech ğŸ‘‰https://t.co/BjzDxBd9toğŸ‘ˆ https://t.co/R8PunE1vhT",2022-12-03 14:08:46,0,5,0,0,4,Bitcoin Tuesday,BitcoinTuesday_,2022-12
702077405045899264,"Tras la presentaciÃ³n de la nueva ediciÃ³n de #BBKBootcamps realizada en colaboraciÃ³n con @TheBridge_Tech en la torre @BAT_Tower, pudimos charlar con @guillerdorron 
 de @Zabala_IC sobre cÃ³mo potenciar el #talento actual y cuÃ¡les son los perfiles tecnolÃ³gicos mÃ¡s demandados. https://t.co/TIjvj3b4cL",2022-12-05 14:00:20,0,7,0,0,2,FundaciÃ³n BBK | Obra Social,BBK_eus,2022-12
146406912,"guillerdorron: RT @BBK_eus: Tras la presentaciÃ³n de la nueva ediciÃ³n de #BBKBootcamps realizada en colaboraciÃ³n con @TheBridge_Tech en la torre @BAT_Tower, pudimos charlar con @guillerdorron 
 de @Zabala_IC sobre cÃ³mo potenciar el #talento actual y cuÃ¡leâ€¦ https://t.co/NEbbBGGc1x",2022-12-05 18:21:51,0,1,0,0,0,Edita Olaizola,EditaOla,2022-12
702077405045899264,"En la presentaciÃ³n de los nuevos #BBKBootcamps realizada en colaboraciÃ³n @TheBridge_Tech en la @BAT_Tower, tambiÃ©n charlamos con RamÃ³n Lozano de @ZucchettiSpain sobre los principales problemas de #talento #digital que surgen en empresas tecnolÃ³gicas y cÃ³mo afrontarlos. https://t.co/KUQR6CkCWQ",2022-12-06 10:00:16,0,3,0,0,1,FundaciÃ³n BBK | Obra Social,BBK_eus,2022-12
49219057,"Hoy llegÃ³ mi Â«Certificado de GraduaciÃ³nÂ» en #fullstackdeveloper con @TheBridge_Tech , promovido por  @FUniversia  y  financiado por @IndraCompany / @minsaitbyindra  Â¡Toca celebrar! https://t.co/LhqRBltkgm",2022-12-06 18:40:34,0,1,1,1,0,Javier Guerra,javgr,2022-12
1162694149956603904,"Â¿#WebDeveloper en 9âƒ£ semanas? Ven a conocer el #bootcamp de @formacion_fuc3 y @TheBridge_Tech Â¡Un entrenamiento 100% prÃ¡ctico para dominar el Stack MERN!

Conoce mÃ¡s sobre el programa y resuelve tus dudasğŸ‘¨â€ğŸ’»

ğŸ“… 14 dic
â° 17.00h

Â¡ApÃºntate! ğŸ‘‰https://t.co/tzLp85Jy4E https://t.co/UVMqS0uyYq",2022-12-07 15:07:46,0,1,0,0,1,The Bridge,TheBridge_Tech,2022-12
108885393,"ğŸ’¡Â¡Interesante entrevista a nuestro Director de TecnologÃ­a Ramon Lozano sobre cÃ³mo afrontar los problemas de #talento #Digital en las empresas tecnolÃ³gicas!

ğŸ”½https://t.co/7a32ZHgefI

#BeZucchetti #innovaciÃ³n #tecnologÃ­a 
 @BBK_eus @TheBridge_Tech 
@ZucchettiSpa @ZucchettiWorld",2022-12-12 08:15:33,0,3,0,0,0,Zucchetti Spain,ZucchettiSpain,2022-12
1162694149956603904,"Â¿QuÃ© son los #BBKBootcamps? Â¿Un entrenamiento militar llevado al Ã¡mbito tecnolÃ³gico? ğŸ¤”

Nuestro campus manager en #Bilbao @jorgegrev lo explica â–¶

Â¡Acelera tu carrera digital con @BBK_eus y @TheBridge_Tech!

MÃ¡s info ğŸ‘‰https://t.co/Ond8JeAMV8 https://t.co/vIzycdoEJX",2022-12-13 08:12:57,0,4,0,0,4,The Bridge,TheBridge_Tech,2022-12
1530194743786881024,@libertariadora @JavierAMaestre @kilrau @GaboHBeaumont @olya_borderless ğŸ™ğŸ» @TheBridge_Tech,2022-12-13 18:53:22,0,2,0,0,0,Bitcoin Tuesday,BitcoinTuesday_,2022-12
1407291884901482496,"No tenemos mÃ¡s que palabras de agradecimiento para nuestro anfitriÃ³n, @TheBridge_Tech cuyo Consejero Delegado, Iker Arce @ikerarceseco, intervino en la sesiÃ³n inaugural del I Congreso de #ciberseguridad para #pymes del pasado 14 de diciembre. https://t.co/jTivSdsFA9",2022-12-16 10:45:37,26,1,0,0,0,Cluster CyberMadrid,Cyber_Madrid,2022-12
570795448,"#EDEMpoweredbyTheBridge la revoluciÃ³n formativa en tecnologÃ­a.ğŸ¤¯ 

@TheBridge_Tech y #EDEM nos unimos para formar en profesiones que cambiarÃ¡n vidas.
Â 
EspecialÃ­zate en 4 #bootcamps intensivos sobre tecnologÃ­a. ğŸ‘©â€ğŸ’»
Â 
Este es el inicio del cambio. ğŸ‘‰ https://t.co/uobTtpxxaO https://t.co/AwJJ0mSHhY",2022-12-21 10:12:46,329,6,0,0,3,EDEM,EDEMempresarios,2022-12
1128860148,"@EDEMempresarios y @TheBridge_Tech impartirÃ¡n bootcamps tecnolÃ³gicos desde enero para formar en competencias digitales con mÃ¡s empleabilidad y demanda
 https://t.co/nZp4aUcndf",2022-12-21 11:34:12,149,4,0,0,1,EconomÃ­a 3,Economia_3,2022-12
402013017,"ğŸ’» @EDEMempresarios y @TheBridge_Tech se alÃ­an para impartir bootcamps de desarrollo digital y tecnolÃ³gico en ValÃ¨ncia.
https://t.co/M4vuwgM1qO",2022-12-21 12:30:01,538,5,0,0,2,Radio Valencia SER,radiovalencia,2022-12
1175646685,"EDEM y The Bridge se alÃ­an para impartir bootcamps de desarrollo digital y tecnolÃ³gico en Valencia https://t.co/IxzYpCc0Y6 
@EDEMempresarios
@marina_empresas
@TheBridge_Tech
#BootcampsDeDesarrolloDigitalyTecnolÃ³gico",2022-12-21 13:15:56,321,7,0,0,1,ValÃ©ncia News,ValenciaNews_es,2022-12
1162694149956603904,"Â¡Ven al prÃ³ximo #OpenDayValencia y conoce los #bootcamps de @EDEMempresarios y @TheBridge_Tech!

FÃ³rmate en #UxUiProductDesign, #Ciberseguridad, #DesarrolloWebFullStack y #DataScienceğŸš€

ğŸ“… 12 ene
â° 18h
ğŸ“ Edem, La Marina de Valencia.

ApÃºntate ya ğŸ‘‰https://t.co/21C0KvqSGH https://t.co/VHcQbt34rf",2022-12-22 08:55:25,308,4,0,0,4,The Bridge,TheBridge_Tech,2022-12
921670812637257728,"ğŸ“š FormaciÃ³n

@EDEMempresarios y la aceleradora de talento digital @TheBridge_Tech se unen para impartir #bootcamps tecnolÃ³gicos

El objetivo es reducir la brecha digital y potenciar la formaciÃ³n en competencias digitales y tecnolÃ³gicas

ğŸ“ª @valenciaplaza

https://t.co/ce6EiOTTil",2022-12-22 09:59:38,142,2,0,0,0,VLC Tech City,VLCTechCity,2022-12
799935450844631040,. @EDEMempresarios y  @TheBridge_Tech se alÃ­an para impartir bootcamps de desarrollo digital y tecnolÃ³gico en Valencia @marina_empresas â˜›  https://t.co/LzsE3Tssvm #mediterrÃ¡neopress #tudiariodigital #comunitatvalenciana #polÃ­tica #economÃ­a #empresa #turismo vÃ­a @MediterrneoPress,2022-12-22 23:51:18,108,3,0,0,0,MediterrÃ¡neoPress,MediterraneoPre,2022-12
1162694149956603904,"En @TheBridge_Tech tenemos un deseo para tiğŸ’«
Â¡QuÃ© el 2023 venga cargado de Ã©xitos!

Â¡Felices Fiestas!ğŸ„

#christmastime #felicesfiestas #navidad #bye2022 https://t.co/jfEiMIJb3H",2022-12-23 12:54:06,120,1,0,0,1,The Bridge,TheBridge_Tech,2022-12
570795448,"Si estÃ¡s buscando una profesiÃ³n que te cambie la vida, acÃ©rcate a nuestro Open Day donde presentaremos la alianza #EDEMpoweredbyTheBridge @TheBridge_Tech, una serie de bootcamps de desarrollo digital y tecnolÃ³gico.

https://t.co/NXRiXndJAD https://t.co/76bmkSVtzc",2022-12-27 09:00:57,218,5,0,0,0,EDEM,EDEMempresarios,2022-12
1128860148,"@EDEMempresarios acoge el 12 de enero un Open Day en el que participan responsables de @TheBridge_Tech y de @EDEMempresarios para presentar los 4 bootcamps que acercarÃ¡n a sus alumnos a profesiones con alta demandaÂ 

https://t.co/ICzciLvWBo",2022-12-29 09:16:11,49,2,0,0,0,EconomÃ­a 3,Economia_3,2022-12
570795448,"Los 4 bootcamps tecnolÃ³gicos de EDEM y @TheBridge_Tech en los empleos mÃ¡s demandados ğŸ”

â–¶ Data Science
â–¶ Desarrollo Web Full Stack
â–¶ UX/UI Product Design
â–¶ Ciberseguridad

Toda la info â¬‡
https://t.co/hXDfJnLKPl",2022-12-29 12:52:11,124,2,0,0,0,EDEM,EDEMempresarios,2022-12
1151510939105144834,"Empieza el aÃ±o formÃ¡ndote en una de las profesiones con mÃ¡s ğ—±ğ—²ğ—ºğ—®ğ—»ğ—±ğ—® ğ—¹ğ—®ğ—¯ğ—¼ğ—¿ğ—®ğ—¹. âš 

Toma las riendas del 2023 y vente el 12/01 al Open Day donde te contaremos todo sobre los Bootcamps que te cambiarÃ¡n la vida junto a @TheBridge_Tech. ğŸ¤¯

https://t.co/RnAcI6FUzc",2022-12-29 16:39:19,113,4,0,0,1,EDEM universitarios,EDEM_uni,2022-12
874916978665938945,"ğŸ¤ @EDEMempresarios se alÃ­a con @TheBridge_Tech para impartir bootcamps tecnolÃ³gicos en #Valencia

La alianza busca reducir la brecha digital existente potenciando la formaciÃ³n tecnolÃ³gica con mÃ¡s empleabilidad y demanda dentro del mercado laboral ğŸš€
https://t.co/9zNT9BuCz3",2023-01-02 15:15:00,593,5,0,0,1,Startup Valencia,Startup_VLC,2023-01
2402179123,"Â¡Empezamos el aÃ±o con una #masterclass de #uxui! IntroducciÃ³n al diseÃ±o de #producto digital gracias a Jose Luis Tienza 

ğŸ“… Jueves 12 de enero a las 18:30h.
ğŸ• 1 hora
ğŸ‘¥ @BBK_Kuna, Urazurrutia Kalea 3, #Bilbao
Organiza: BBK Bootcamps by @TheBridge_Tech

https://t.co/yHHKfmgJQ1",2023-01-04 11:57:41,116,3,0,0,2,Jorge GonzÃ¡lez Revilla,jorgegrev,2023-01
10279282,"Â¿Te interesa el diseÃ±o de #producto digital? Ven a una #masterclass de #uxui gratuita gracias a #BBKbootcamps

ğŸ“… Jueves 12 de enero a las 18:30h.
ğŸ• 1 hora
ğŸ‘¥ @BBK_Kuna, Urazurrutia Kalea 3, #Bilbao
Organiza: BBK Bootcamps by @TheBridge_Tech  https://t.co/T3xvMIT9My",2023-01-04 15:02:11,82,3,0,0,2,JesÃºs PÃ©rez Serna,mkpositivo,2023-01
1530194743786881024,Gracias a nuestros amigos @TheBridge_Tech por acogernos otra vez! ğŸ™ https://t.co/OWrIrN9j2G,2023-01-06 12:28:27,51,2,0,0,0,Bitcoin Tuesday,BitcoinTuesday_,2023-01
271028835,ğŸš€ @EDEMempresarios  y @TheBridge_Tech  se alÃ­an para impartir bootcamps de desarrollo digital y tecnolÃ³gico en Valencia | Valientes Emprendedores https://t.co/OBYdVWWPQy,2023-01-07 19:55:52,166,7,0,0,2,Valientes Emprendedores,valientesempren,2023-01
570795448,"Â¿Quieres desarrollar tu carrera en el mundo digital y tech?Te contamos cÃ³mo en el #OpenDay #Bootcamps con @TheBridge_Tech

Te esperamos si te apasiona el mundo de la ciberseguridad, ciencia de datos, desarrollo de software o diseÃ±o de productos digitalesğŸ‘‰https://t.co/NXRiXndJAD https://t.co/m10cly6Bgv",2023-01-09 09:41:46,967,4,2,0,2,EDEM,EDEMempresarios,2023-01
1003872445,"Ya tenemos confirmado el sitio donde haremos el meetup de #CPS de la semana que viene. La gente de @TheBridge_Tech, en su infinita generosidad, vuelve a dejarnos su espacio.

Y tambiÃ©n tenemos tÃ­tulo para la charla de @ddamasd: ""Las ingles"".

Â¡Nos vemos allÃ­!",2023-01-09 12:40:07,297,7,0,0,2,Pau Mugarra,PauMugarra,2023-01
2402179123,"ğŸ‘¨â€ğŸ’» Este ğ—·ğ˜‚ğ—²ğ˜ƒğ—²ğ˜€ ğ—® ğ—¹ğ—®ğ˜€ ğŸ­ğŸ´:ğŸ¯ğŸ¬ ğ—²ğ—» @BBK_Kuna  #Masterclass de diseÃ±o de producto digital #UXUI con Jose Luis Tienza.

Explicaremos cÃ³mo #bbkbootcamps te pueden ayudar a ser un profesional digital gracias a @BBK_eus @TheBridge_Tech 

â¡ï¸ApÃºntate:
https://t.co/yHHKfmgc0t https://t.co/3hWyHylVEb",2023-01-10 10:48:57,283,2,1,0,0,Jorge GonzÃ¡lez Revilla,jorgegrev,2023-01
2402179123,"HOY #masterclass de #UXUI IntroducciÃ³n al diseÃ±o de #producto digital con Jose Luis Tienza 

ğŸ• 18:30h. en @BBK_Kuna, Urazurrutia Kalea 3, #Bilbao 

Organiza: #BBKbootcamps by The Bridge
@BBK_eus @TheBridge_Tech 

https://t.co/yHHKfmgc0t",2023-01-12 08:31:28,151,2,0,0,2,Jorge GonzÃ¡lez Revilla,jorgegrev,2023-01
874916978665938945,"ğŸ§ Â¿Quieres ser un profesional de la #ciberseguridad, el diseÃ±o de productos UX/UI, el Data Science o el desarrollo #FullStack?

InscrÃ­bete al OpenDay de @EDEMempresarios powered by @TheBridge_Tech que se realizarÃ¡ hoy a las 18:00 en sus instalaciones ğŸ¤³
https://t.co/Nwl3MnKFmU",2023-01-12 10:20:00,342,4,0,0,1,Startup Valencia,Startup_VLC,2023-01
2529499620,"Â¿Quieres dedicarte al #desarrolloweb?
Â¡ConÃ©ctate a nuestra sesiÃ³n informativa y conoce nuestro #bootcamp junto @TheBridge_Tech !

ğŸ“†17 ene
â°17h
ğŸ’»Online

Entrada gratuita ğŸŸ
https://t.co/y2a9xcIrxz

#desarrollowebfullstack #programacionweb #backend #frontend https://t.co/fXjSfpXt1g",2023-01-12 12:54:44,153,1,0,0,2,FormaciÃ³n FundaciÃ³n Universidad Carlos III,formacion_fuc3,2023-01
2402179123,"AsÃ­ fue la jornada de diseÃ±o de producto digital #uxui ayer en @BBK_Kuna impartida por JosÃ© Luis Tienza de @TheBridge_Tech 

Si te quedaste con ganas de mÃ¡s aquÃ­ tienes nuestro #BBKbootcamp https://t.co/Yoq7FGIH1T https://t.co/W5eHltyp8X",2023-01-13 08:55:42,120,3,0,0,2,Jorge GonzÃ¡lez Revilla,jorgegrev,2023-01
41545659,"Advanced #Cynefin, Estuarine mapping &amp; EUFG Masterclass (Madrid) https://t.co/H5ZSjbKHAr | Los interesados en la aplicaciÃ³n de las ciencias de la complejidad en nuestro paÃ­s tendremos la oportunidad de aprender de @snowded en persona el 16/3/23 en la sede de @TheBridge_Tech https://t.co/LavCfgYIht",2023-01-15 13:16:23,225761,321,4,7,49,Mario Lopez de Avila,nodosenlared,2023-01
41545659,@snowded @TheBridge_Tech El taller profundizarÃ¡ en el empleo de los Hexi Method Kits https://t.co/DT5pAp89mg por primera vez en EspaÃ±a.  Estos kits sirven para consolidar mÃ©todos y herramientas multidisciplinares y aplicarlos a problemas del mundo real siempre con un enfoque #AnthroComplexity. https://t.co/UapGlLqoUg,2023-01-15 13:16:24,394,9,0,0,3,Mario Lopez de Avila,nodosenlared,2023-01
41545659,"@snowded @TheBridge_Tech Se trata de un taller avanzado, que cubre los Ãºltimos avances en los diferentes marcos desarrollados por @snowded , con especial menciÃ³n del #Estuarine framework. https://t.co/8EVHVXGYmc , en mi opiniÃ³n la aportaciÃ³n mÃ¡s importante hecha en 2022 en materia de #AppliedComplexity https://t.co/mUCg9eywvt",2023-01-15 13:16:24,1766,10,0,1,5,Mario Lopez de Avila,nodosenlared,2023-01
163586106,"ğŸ¯Â¿Quieres saber cÃ³mo acelerar tu talento digital?
 
Â¡Entonces no puedes perderte nuestra jornada de puertas abiertas de #Bootcamps que organiza @TheBridge_Tech!

Â¡Te esperamos!â¤µï¸â€Š

ğŸ“Sede FormaciÃ³n (Calle Isabela, 1)
ğŸ“…â€Š26 de enero a las 18:00H
ğŸ“²â€Šhttps://t.co/LJXSoA2yR4 https://t.co/0mPVb2sQak",2023-01-17 09:27:40,486,2,1,0,0,Escuela de Negocios,ENCamaraSevilla,2023-01
2402179123,"Â¿Sabes quÃ© es un #ğ—³ğ˜‚ğ—¹ğ—¹ğ˜€ğ˜ğ—®ğ—°ğ—¸ ğ—±ğ—²ğ˜ƒğ—²ğ—¹ğ—¼ğ—½ğ—²ğ—¿? Â¿Te gusta la ğ—½ğ—¿ğ—¼ğ—´ğ—¿ğ—®ğ—ºğ—®ğ—°ğ—¶ğ—¼Ìğ—» #ğ˜„ğ—²ğ—¯? El ğ—±ğ—¶Ìğ—® ğŸ®ğŸ² ğ—²ğ—» @BBK_Kuna te invitamos a una #masterclass introductoria con @AlejandroRegex

Organizada por #BBKbootcamps @BBK_eus @TheBridge_Tech https://t.co/k3ghb3Ys92",2023-01-17 12:34:14,124,2,0,0,1,Jorge GonzÃ¡lez Revilla,jorgegrev,2023-01
1232105203,"@TheBridge_Tech Hola, estoy intentando entrar en la videoconferencia con vuestro enlace, pero no parece que funcione.",2023-01-18 17:11:05,22,0,0,0,0,AdriÃ¡n MÃ©ndez,adriskou,2023-01
7154412,En plena meet-up de CPS en @TheBridge_Tech con @ddamasd https://t.co/MkhnOh2Mzw,2023-01-18 18:06:30,6600,35,1,2,5,Javier G. Recuenco,Recuenco,2023-01
1610073819791728640,@Recuenco @TheBridge_Tech @ddamasd QuÃ© suerte !!,2023-01-18 18:15:04,179,2,0,0,0,J,jnlpz22,2023-01
212364786,Mira las rectas en el techo de las fotos de @modaquetepario y de @Recuenco. Puede que el mÃ¡ster de #CPS ayude a encontrar la forma de convertir las luminarias del techo de @TheBridge_Tech en #Madrid en la sede de la oficina donde estÃ¡ @modaquetepario https://t.co/ba848HlgZs,2023-01-18 18:23:30,273,2,0,0,0,Gonzalo OsÃ©s,designetworking,2023-01
17287251,@Recuenco @TheBridge_Tech @ddamasd Es tu master? Otra cosa?,2023-01-18 18:48:45,612,1,0,2,0,MarÃ­a Blanco #Putin Ğ˜Ğ´Ğ¸ Ğ´Ğ¾Ğ¼Ğ¾Ğ¹.,Godivaciones,2023-01
141272779,@Godivaciones @Recuenco @TheBridge_Tech @ddamasd Meetup,2023-01-18 18:59:29,138,1,0,1,0,aebm,ae_bm,2023-01
417307513,@Godivaciones @Recuenco @TheBridge_Tech @ddamasd Una charla de Diana en el marco de la comunidad CPS. Abierto a quien le apetezca ir,2023-01-18 19:01:43,102,2,0,0,0,Popmart,Popmart_u2,2023-01
17287251,@ae_bm @Recuenco @TheBridge_Tech @ddamasd Ya. Pregunto si estÃ¡ integrado en su mÃ¡ster (en colaboraciÃ³n con The Bridge) o es otra cosa distinta. Pero ahora creo recordar que el master CPS es online estricto.,2023-01-18 19:16:40,136,2,0,1,0,MarÃ­a Blanco #Putin Ğ˜Ğ´Ğ¸ Ğ´Ğ¾Ğ¼Ğ¾Ğ¹.,Godivaciones,2023-01
141272779,@Godivaciones @Recuenco @TheBridge_Tech @ddamasd creo que son independientes y el lugar del meetup puede variar,2023-01-18 19:23:29,150,2,0,1,0,aebm,ae_bm,2023-01
7154412,"@ae_bm @Godivaciones @TheBridge_Tech @ddamasd Eso es. Y estÃ¡ abierto a toda la comunidad, no hace falta que sean alumnos.",2023-01-18 20:07:26,224,1,0,2,0,Javier G. Recuenco,Recuenco,2023-01
17287251,@Recuenco @ae_bm @TheBridge_Tech @ddamasd âœŒï¸,2023-01-18 20:14:43,75,1,0,0,0,MarÃ­a Blanco #Putin Ğ˜Ğ´Ğ¸ Ğ´Ğ¾Ğ¼Ğ¾Ğ¹.,Godivaciones,2023-01
17287251,"@Recuenco @ae_bm @TheBridge_Tech @ddamasd Una cosa, puede ir cualquiera-cualquiera? Porque se debe anunciar en algÃºn sitio, y no sÃ© quiÃ©nes son â€œla comunidadâ€. Los de las afueras de la comunidad cabemos? (Para cuando puedaâ€¦).",2023-01-18 20:25:09,282,3,0,2,0,MarÃ­a Blanco #Putin Ğ˜Ğ´Ğ¸ Ğ´Ğ¾Ğ¼Ğ¾Ğ¹.,Godivaciones,2023-01
7154412,@Godivaciones @ae_bm @TheBridge_Tech @ddamasd Habla con @PauMugarra .,2023-01-18 20:34:31,181,2,0,1,0,Javier G. Recuenco,Recuenco,2023-01
866742930,"@Recuenco @Godivaciones @ae_bm @TheBridge_Tech @ddamasd @PauMugarra Sobreentiendo que se refieren a este https://t.co/QJdYaEsjyF

Meetup, es una App de gente que organiza quedadas temÃ¡ticas. La mayor parte de gente no se conoce a priori, puede ser de cualquier tema, estÃ¡ en todo el mundo.

Ahora quiero tambiÃ©n saber yo si es otra cosa.",2023-01-18 21:31:09,128,3,0,2,0,VÃ­ctor ğŸ“–ğŸ,nudpiedo,2023-01
7154412,@nudpiedo @Godivaciones @ae_bm @TheBridge_Tech @ddamasd @PauMugarra Es una reuniÃ³n fÃ­sica de la comunidad CPS que gestiona @PauMugarra,2023-01-18 21:45:55,159,4,0,0,1,Javier G. Recuenco,Recuenco,2023-01
1003872445,@nudpiedo @Recuenco @Godivaciones @ae_bm @TheBridge_Tech @ddamasd Gracias por esta aclaraciÃ³n VÃ­ctor.,2023-01-19 09:51:54,34,2,0,0,0,Pau Mugarra,PauMugarra,2023-01
1003872445,"@Godivaciones @Recuenco @ae_bm @TheBridge_Tech @ddamasd Â¡Hola MarÃ­a!
Esto es una comunidad abierta y puede venir quien quiera. Solemos anunciar estos eventos en Twitter y en LinkedIn. Si quieres que te lleguen avisos al correo de cuando publicamos un evento, te puedes apuntar al grupo aquÃ­: https://t.co/X4OS5LzTk9",2023-01-19 09:54:51,861,4,0,0,3,Pau Mugarra,PauMugarra,2023-01
91876265,Un buen resumen de mi charla de ayer sobre vulnerabilidades en el proceso de #CPS en @TheBridge_Tech. https://t.co/fuv2COGgIB,2023-01-19 13:45:11,251,5,0,0,2,Diana Damas (ella/she),ddamasd,2023-01
2402179123,"â“ Â¿Para quiÃ©n es un #bootcamp? Â¿Tengo que saber de tecnologÃ­a previamente? Â¿QuÃ© me puede aportar si ya tengo un perfil tecnolÃ³gico? En este vÃ­deo encontrarÃ¡s respuestas.

â¡ Un click para el cambio: https://t.co/vLc8dw80y6

@TheBridge_Tech @BBK_Kuna @BBK_eus https://t.co/BSSdNSY87l",2023-01-20 09:17:27,123,1,0,0,1,Jorge GonzÃ¡lez Revilla,jorgegrev,2023-01
1288769305014939650,"ğŸ’¥ Llega la @globalgamejam , a #42UrdulizFTef, Ãºnica sede en Bizkaia del evento de desarrollo de #videojuegos ğŸ® mÃ¡s grande del mundo ğŸŒ

ğŸ—“ 3-5 FEB
ğŸ“ 42 Urduliz

Con la colaboraciÃ³n de @DigiPenBilbao y @TheBridge_Tech @BBK_eus 

âœï¸ InscrÃ­bete gratis en https://t.co/PV3kJn7Vvv https://t.co/IK9QGeuKeo",2023-01-20 17:31:22,489,9,0,0,4,42 Urduliz,42UrdulizFTef,2023-01
550417439,"Aprende hoy las profesiones del futuro ğŸ‘¨â€ğŸ’» FÃ³rmate en #UxUiProductDesign, #DesarrolloWebFullStack, #DataScience y #Ciberseguridad con los bootcamps de @bbk_eus by @TheBridge_Tech y acelera tu carrera digitalğŸš€
MÃ¡s info ğŸ‘‰ https://t.co/fMszTZfHld",2023-01-23 09:34:56,409,3,0,0,1,BilboStack Conference,BilboStack,2023-01
4899284631,"Pero aquÃ­ no termina esto! DespuÃ©s de las charlas, podrÃ¡s conocerlos y charlar con ellos, ya que compartiremos unas caÃ±as ğŸ» y haremos networking del bueno, ademÃ¡s de que sÃ³lo por asistir tendrÃ¡s la posibilidad de acceder a becas especiales de nuestro partner @TheBridge_Tech",2023-01-23 10:18:56,45,1,0,1,0,My Tech Plan,my_tech_plan,2023-01
2402179123,"ğŸ“…Este jueves a las 18:30 en @BBK_Kuna #masterclass de desarrollo web #FullStack por @AlejandroRegex 

Descubre como introducirte al mundo de la #programaciÃ³n Web gracias a #BBKbootcamps 

@BBK_eus @TheBridge_Tech @BBKnetwork #Bilbao 

â¡ï¸InscripciÃ³n: https://t.co/k3ghb3Ys92 https://t.co/9JOy3bRRCp",2023-01-24 08:03:43,182,1,2,0,1,Jorge GonzÃ¡lez Revilla,jorgegrev,2023-01
3364895487,@nodosenlared @snowded @TheBridge_Tech https://t.co/1KGul9dGbg,2023-01-24 14:12:35,12,0,0,0,0,No temo a desalmados: JosÃ© Repiso Moyano,OswaldoRoses_,2023-01
41545659,"Advanced #Cynefin, Estuarine mapping &amp; EUFG Masterclass (Madrid) https://t.co/H5ZSjbLfpZ | Los interesados en la aplicaciÃ³n de las ciencias de la complejidad en nuestro paÃ­s tendremos la oportunidad de aprender de @snowded en persona el 16/3/23 en la sede de @TheBridge_Tech",2023-01-24 20:44:09,163,3,0,0,0,Mario Lopez de Avila,nodosenlared,2023-01
106344840,"ğŸ¯Â¿Te gustarÃ­a acelerar tu #talento digital?
 
Â¡Descubre las ventajas y oportunidades que ofrecen los #Bootcamps de @ENCamaraSevilla y @TheBridge_Tech, que se celebran en #Sevilla!

ğŸ•Hoy a las 18:00hâ¡ï¸Â¡TodavÃ­a estÃ¡s a tiempo de lanzar tu futuro!

Info:

https://t.co/6uJDY9Hs1E https://t.co/rsbnVAP9Y1",2023-01-26 12:58:57,197,3,0,0,0,CÃ¡mara de Comercio de Sevilla,camaradesevilla,2023-01
1524905248007114783,@nodosenlared @snowded @TheBridge_Tech Y eso es religiÃ³n??,2023-01-26 15:23:40,9,0,0,0,0,Fisco Rodriguez,FiscoRodriguez,2023-01
1455515154133786625,"ğŸ“Œ Hoy 26 de enero, tenemos el placer de participar en el Bootcamp de @TheBridge_Tech 

Nuestro COO @javiercadierno hablarÃ¡ sobre empleabilidad en el marco actual

ğŸ Como novedad, tambiÃ©n presentaremos una nueva GuÃ­a de Empleo que estarÃ¡ disponible en febrero 

Â¡Nos vemos!âœŒğŸ»",2023-01-26 15:37:10,118,4,0,0,2,ğŸš€ Tadatic,Tadatic_,2023-01
1598663768136884225,@nodosenlared @snowded @TheBridge_Tech https://t.co/xf694hxuZh,2023-01-26 19:45:31,4,0,0,0,0,delf ron,delf_ron,2023-01
550417439,"Se buscan personas para cambiar de vida ğŸ˜Â¿Listo para ser una de ellas? Dale un giro a tu carrera y entrÃ©nate en las profesiones mÃ¡s demandas con los bootcamps de @bbk_eus by @TheBridge_Tech ğŸš€ 
 
Â¿Quieres saber mÃ¡s? â¡ https://t.co/eVj9kI4yZH",2023-01-27 11:15:00,328,1,0,0,0,BilboStack Conference,BilboStack,2023-01
1455515154133786625,"ğŸ¤ğŸ» Un placer aportar nuestro granito de arena en el #bootcamp de @TheBridge_Tech 

Gracias a todos los asistentes por la acogida, estamos ultimando detalles de nuestra GuÃ­a de Empleo para que la tengÃ¡is disponible a lo largo del mes de febrero ğŸ“ŒğŸ

Â¡Nos vemos pronto!ğŸ˜ https://t.co/CLTRmUN9Ob",2023-01-27 14:08:51,99,3,0,0,0,ğŸš€ Tadatic,Tadatic_,2023-01
550417439,"Â¡Estudia ahora y paga cuando encuentres trabajo! ConviÃ©rtete en experto digital con los #bootcamps de @bbk_eus by @TheBridge_Tech ğŸ‘©â€ğŸ’» En formato full time o part time tardes, presencial o hÃ­brido Â¡tÃº decides! 
 
MÃ¡s info â¡ https://t.co/eVj9kI4yZH",2023-01-27 16:00:08,511,2,0,0,0,BilboStack Conference,BilboStack,2023-01
1101664008,"@jorgegrev was one of the reasons I got into community. He has built countless communities/initiatives, brought tons of new folks into the ecosystem. He's currently rocking the @BBK_eus Bootcamp with @TheBridge_Tech helping unemployed people learn tech! https://t.co/m6QXoH6V69",2023-01-27 16:06:53,124,1,0,1,1,Bart Farrell,birthmarkbart,2023-01
550417439,"Recordamos tb a las patrocinadoras PLATINO. Comprometidas desde el minuto cero y sin las cuales, este evento no serÃ­a lo que va a ser: ENORME ğŸ¥° 
@plainconcepts @LifullConnEng  @bbk_eus by @TheBridge_Tech 

Y KUDOS a @bilbao_udala @BilbaoEkintza como patrocinador principal https://t.co/bsxWeRkKGD",2023-01-28 07:30:07,969,5,0,0,1,BilboStack Conference,BilboStack,2023-01
55539458,@nodosenlared @snowded @TheBridge_Tech Check my books related to this post. Please Share https://t.co/xvWVD2Eq1Z,2023-01-30 09:45:55,4,0,0,0,0,ğŸ”´Charlego,charlego,2023-01
1437857235036786693,@milmadrid_ @Ari_Reinventada @Gobuub @TheBridge_Tech @my_tech_plan @madridinnova @Puerta_Inno @LaNaveMadrid @MADRID Que interesante esto! Ya me apuntÃ©,2023-01-31 17:35:11,45,3,0,2,0,YenitoğŸ«“ğŸ‘½ğŸ˜º,Yenito_,2023-01
1068424025356021760,@Yenito_ @milmadrid_ @Gobuub @TheBridge_Tech @my_tech_plan @madridinnova @Puerta_Inno @LaNaveMadrid @MADRID Nos vemos ahÃ­ğŸ˜ŠğŸ˜Š,2023-01-31 17:39:02,35,2,0,0,0,ğŸ£ Ari ğŸ™,Ari_Reinventada,2023-01
4899284631,@Yenito_ @milmadrid_ @Ari_Reinventada @Gobuub @TheBridge_Tech @madridinnova @Puerta_Inno @LaNaveMadrid @MADRID Que bueno! Nos vemos ahÃ­!! ğŸ˜Š,2023-02-01 10:56:22,33,2,0,0,0,My Tech Plan,my_tech_plan,2023-02
2402179123,"HOY a las 18:30 en @BBK_Kuna 

ğŸ§ ğŸ¤– Masterclass sobre Inteligencia Artificial #ChatGPT y otras IAs

TambiÃ©n explicaremos el #Bootcamp de #DataScience en #Bilbao 

@BBKnetwork @BBK_eus @TheBridge_Tech 

https://t.co/JiGdrdVPRf https://t.co/CBgyKBDtnm",2023-02-02 08:44:00,226,6,0,0,4,Jorge GonzÃ¡lez Revilla,jorgegrev,2023-02
207894341,"Nos hemos unido a @edemempresarios y @thebridge_tech para fomentar la formaciÃ³n en disciplinas digitales. ğŸ’»

Ofrecemos hasta 60 paquetes de ayudas para estudiar uno de los cuatro bootcamps impartidos en Valencia.

Â¿Te vienes? ğŸ‘‰ğŸ¼ https://t.co/Ho6EwFqYen https://t.co/yKfKwXmTMq",2023-02-02 09:41:59,416,3,0,0,3,Page Personnel,PagePersonnelES,2023-02
112458375,InteresantÃ­sima jornada de #ProptechThursdays con @TheFringeLABS @DavidHueso #propper #hanok @CasafariRE @IntrumES @TheBridge_Tech https://t.co/va4wjPTBnJ,2023-02-02 09:46:33,118,4,0,0,2,Enrique MartÃ­n,enriquemartiin,2023-02
10279282,"Â¿Una IA para gobernarlos a todos?
@TheBridge_Tech https://t.co/CSeXEljxzF",2023-02-02 17:32:09,50,0,0,1,0,JesÃºs PÃ©rez Serna,mkpositivo,2023-02
2218313375,Masterclass en Data Science de los BootCamps de BBK powered by @TheBridge_Tech #artificalintelligence #ChatGPT https://t.co/Mefh3L19Gk,2023-02-02 17:37:03,30,0,0,0,0,IÃ±igo CaÃ±adas Manso,IcanadasM,2023-02
1065627197115981824,Inicia MasterClass #DataScience Â¿una #IA para gobernarlos a todos? @TheBridge_Tech @BBK_Kuna @BBK_eus #AI #ChatGPT #NLP https://t.co/FfDRNdSetk,2023-02-02 17:38:37,80,1,0,0,0,AQUADAT,Aqua_Radar,2023-02
2611663910,"Un placer asistir ayer al ""Taller UX/UI - CÃ³mo maximizar el valor del usuario"" impartido en @EDEMempresarios por @TheBridge_Tech  y Miriam SÃ¡nchez MuÃ±oz ğŸ‘ğŸ‘ğŸ‘ https://t.co/sG2PeFjMYq",2023-02-03 06:32:08,275,2,0,1,1,tugesto,tugesto,2023-02
1288769305014939650,"@globalgamejam en #42UrdulizFTef, organizado con la colaboraciÃ³n de @DigiPenBilbao y BBK Bootcamps by @TheBridge_Tech

70 jammers. 48 h. NON STOP.

Â¿Quieres saber mÃ¡s sobre este eventazo? Visita nuestra web ğŸ‘‰ https://t.co/6vtlTFr4Yt

#GGJ42FTef #GGJ #VideoGames #hackathon https://t.co/kBruFy1Atq",2023-02-06 19:39:50,52,3,0,0,0,42 Urduliz,42UrdulizFTef,2023-02
106344840,"Â¡Nuevo taller de #empleabilidad en #Sevilla junto a 
@InfoJobs! ğŸ’¼

Â¡En @ENCamaraSevilla abordaremos las nuevas #oportunidadeslaborales en el sector digital!

ğŸ“ El 8 de febrero, a las 17:30h, en el Campus de @camaradesevilla con @TheBridge_Tech.

Infoâ¤µï¸

https://t.co/FFl1AV5DBf https://t.co/xUqEenBPZI",2023-02-07 09:51:05,421,6,0,0,2,CÃ¡mara de Comercio de Sevilla,camaradesevilla,2023-02
4899284631,"Les compartimos un mini resumen del 1Âº encuentro de #reinventadxs

Y anunciamos que entramos en la cuenta regresiva del 2Âº, apÃºntate esta fecha: 30 de marzo.

Â¿Te vemos en #Madrid?

Gracias a @thebridge_tech y el @milmadrid_ por hacerlo posible y nos vemos pronto!

#mytechplan https://t.co/z5fwZzNR5w",2023-02-13 13:36:10,204,2,1,0,0,My Tech Plan,my_tech_plan,2023-02
1530194743786881024,"Gracias a nuestros amigos @TheBridge_Tech por acogernos ayer en una manera bastante flexible, tenÃ©is el equipo mÃ¡s adorable de todo Madrid! â™¥ï¸

Fue genial pasar San ValentÃ­n hablando #Bitcoin  ğŸ™ https://t.co/n7AYdhuu8V",2023-02-15 11:06:22,762,10,0,1,2,Bitcoin Tuesday,BitcoinTuesday_,2023-02
1099588676181471233,@TheBridge_Tech @Vacolba @andresmacariog interesante,2023-02-16 06:07:55,28,1,0,0,0,Flor_Turoninos,turoninos,2023-02
1003872445,"Buenos dÃ­as CPSers!
Hoy podemos confirmar que el tercer meetup de la comunidad #CPS en Madrid serÃ¡ en @TheBridge_Tech. Agradecemos enormemente la generosidad de este espacio, y os esperamos el miÃ©rcoles que viene!

P.D: AÃºn quedan unas pocas plazas, estÃ¡is a tiempo de apuntaros",2023-02-16 09:51:54,243,4,0,1,0,Pau Mugarra,PauMugarra,2023-02
1288769305014939650,".@EstiLeon, Responsable del campus #42UrdulizFTef ya se encuentra participando de la mesa redonda - ""Nuevos formatos en la formaciÃ³n"" del @workinlansummit!

Compartimos mesa con BBK Bootcamps by 
@TheBridge_Tech, IED KunsthalBilbao y @BBK_eus
 
#WORKinlan #Bizkaia #EducaciÃ³n https://t.co/Iu6ZYqlFLz",2023-02-16 17:07:33,605,10,0,1,5,42 Urduliz,42UrdulizFTef,2023-02
1685197165,@42UrdulizFTef @EstiLeon @workinlansummit @TheBridge_Tech @BBK_eus Hoy finaliza #WORKinlan y lo hace ya con una buena participaciÃ³n en Twitter y eso que aÃºn queda todo el dÃ­a de hoy ğŸ’ª https://t.co/54lcCbyUGi,2023-02-17 13:23:22,51,0,0,1,0,Metricool ES âˆ,Metricool_es,2023-02
1685197165,@42UrdulizFTef @EstiLeon @workinlansummit @TheBridge_Tech @BBK_eus @PSEBizkaia @josebamondarain @grupo_ssi @socialistavasco @PSEBilbao @MtzGra @elcorreo_alava @elcorreo_com Muy buenas interacciones estÃ¡n teniendo las comunidades de las siguientes cuentas que copan el TOP 12 del #WORKinlan ğŸ† https://t.co/g8SdZl1vL2,2023-02-17 13:25:58,72,2,0,1,0,Metricool ES âˆ,Metricool_es,2023-02
1685197165,@42UrdulizFTef @EstiLeon @workinlansummit @TheBridge_Tech @BBK_eus @PSEBizkaia @josebamondarain @grupo_ssi @socialistavasco @PSEBilbao @MtzGra @elcorreo_alava @elcorreo_com @metxebarria_vg @mjgutierrez_upv @nora_abete @LanDpto @Aranglez21 @Ararteko Ya se superan los ğŸ’¯ tuits gracias a la ayuda de las 61 cuentas que se animaron a publicar con el #ï¸âƒ£ #WORKinlan https://t.co/J5zhqTWYYw,2023-02-17 13:26:43,52,2,0,1,0,Metricool ES âˆ,Metricool_es,2023-02
1685197165,"@42UrdulizFTef @EstiLeon @workinlansummit @TheBridge_Tech @BBK_eus @PSEBizkaia @josebamondarain @grupo_ssi @socialistavasco @PSEBilbao @MtzGra @elcorreo_alava @elcorreo_com @metxebarria_vg @mjgutierrez_upv @nora_abete @LanDpto @Aranglez21 @Ararteko Victoria, Bilbao y AlcalÃ¡ de Henares, estÃ¡ acompaÃ±ado por MÃ©xico ğŸ‡²ğŸ‡½ en el #WORKinlan https://t.co/5AD7H6a9eH",2023-02-17 13:28:00,53,2,0,1,0,Metricool ES âˆ,Metricool_es,2023-02
1685197165,"@42UrdulizFTef @EstiLeon @workinlansummit @TheBridge_Tech @BBK_eus @PSEBizkaia @josebamondarain @grupo_ssi @socialistavasco @PSEBilbao @MtzGra @elcorreo_alava @elcorreo_com @metxebarria_vg @mjgutierrez_upv @nora_abete @LanDpto @Aranglez21 @Ararteko En Instagram, las Ãºltimas fotografÃ­as publicadas del #WORKinlan puedes verlas en la siguiente pantalla ğŸ‘€ ğŸ“¸ https://t.co/jS6AniB15V",2023-02-17 13:30:41,58,2,0,0,0,Metricool ES âˆ,Metricool_es,2023-02
67324480,"@TheBridge_Tech Product Marketing Specialist Online
The Bridge | Digital Talent Accelerator  Madrid 
28.000 - 30.000 â‚¬
https://t.co/Ns3Uce2kpZ",2023-02-28 10:24:35,7,0,0,0,0,McCormick,McCormickyAs,2023-02
1099588676181471233,"@TheBridge_Tech @Vacolba , interesante",2023-03-01 07:24:05,12,0,0,0,0,Flor_Turoninos,turoninos,2023-03
1207228796593745920,"Este 14 de Marzo hay meetup en Madrid de @BitcoinTuesday_ , se va a hablar de un proyecto muy interesante para poder realizar desarrollos sobre Bitcoin. En breve se pasarÃ¡n los detalles
Ir reservando el dÃ­a y la hora, 7 PM en @TheBridge_Tech",2023-03-02 10:44:35,2331,21,1,2,11,Decentralized â‚¿ä¸°âš¡,decentralized_b,2023-03
2603024598,@decentralized_b @BitcoinTuesday_ @TheBridge_Tech Que suspense! Miniscript?,2023-03-03 05:33:19,182,2,0,2,0,Ricardo PÃ©rez-Marco,rperezmarco,2023-03
1207228796593745920,"@rperezmarco @BitcoinTuesday_ @TheBridge_Tech No, espero que hoy nos digan y se comunique ğŸ˜¬ğŸ˜¬ https://t.co/0rFMxwrlo6",2023-03-03 06:54:01,73,0,0,0,0,Decentralized â‚¿ä¸°âš¡,decentralized_b,2023-03
1207228796593745920,"Ya esta publicado el meetup de @BitcoinTuesday_ para este 14 de Marzo a las 7PM en @TheBridge_Tech 
Muy interesante:
""Aplicaciones sobre Bitcoin con Agram Project!
Crea aplicaciones sin necesidad de usar cÃ³digo, sobre el stack de tecnologÃ­as de Bitcoin""
 
https://t.co/NQu4cxiPPh",2023-03-03 10:22:22,442,11,1,0,4,Decentralized â‚¿ä¸°âš¡,decentralized_b,2023-03
1207228796593745920,"@rperezmarco @BitcoinTuesday_ @TheBridge_Tech ğŸ‘‡ğŸ‘‡
https://t.co/OM7PuFfhhv",2023-03-03 10:26:54,45,0,0,0,0,Decentralized â‚¿ä¸°âš¡,decentralized_b,2023-03
763727449,Hoy me llegÃ³ esta estupenda mochila y unos gadgets por pasar el RampUp del #Bootcamp de desarrollo web Gracias a @TheBridge_Tech por este detalle ğŸ˜±ğŸ§‘â€ğŸ’» #FullStackDeveloper https://t.co/0NY1BjTBHH,2023-03-03 15:13:49,10,0,0,0,0,Omar Landaeta,OmarjLand,2023-03
1003872445,"El meetup del jueves 9 de marzo con @ToniDorta se realizarÃ¡ finalmente @TheBridge_Tech ğŸ˜„
Nos sentimos tremendamente agradecidos por su generosidad.
Â¡Nos vemos este jueves!",2023-03-04 11:22:58,1068,9,1,1,3,Pau Mugarra,PauMugarra,2023-03
276656109,@PauMugarra @ToniDorta @TheBridge_Tech https://t.co/qv4oryC9i3,2023-03-04 14:08:54,28,2,0,0,0,"Jorge OrdovÃ¡s (ğŸŒ¸, ğŸŒ¿)",joobid,2023-03
925597948410580993,@nodosenlared @snowded @TheBridge_Tech Muy buena foto desde el CÃ­rculo de Bellas Artes,2023-03-04 22:32:56,35,1,0,0,0,Valerio Rocco Lozano,RoccoLozano,2023-03
41545659,"Encuentro de la @mlopscommunity en Madrid: ""MLOPs: desde las trincheras"" https://t.co/CHojEAs7ij en @TheBridge_Tech Ven a conocer la prÃ¡ctica #MLOps en Correcto., @Busuu @wallapop https://t.co/odie5CAuHU",2023-03-06 08:48:56,90,3,0,0,1,Mario Lopez de Avila,nodosenlared,2023-03
1585726199485140993,"Â¡Por fin podemos publicar el cartel con los ponentes para el #cybersecTalks! Si estÃ¡s interesadx en alguna de las temÃ¡ticas que aparecen no dudes en venir, es totalmente gratuito gracias al patrocinio de @TheBridge_Tech y la colaboraciÃ³n de @epsUPO @pablodeolavide 
(+ info abajo) https://t.co/JF85MDGmXc",2023-03-06 10:38:30,950,5,1,1,3,AsociaciÃ³n de Estudiantes de Software Libre UPO,ESOLIUPO,2023-03
1585726199485140993,"Las inscripciones se realizarÃ¡n por Eventbrite. Cualquier duda estamos por MD o al correo info@esoliupo.es
https://t.co/xhVr7VXcF3

@epsUPO @TheBridge_Tech",2023-03-06 10:38:30,31,0,0,0,0,AsociaciÃ³n de Estudiantes de Software Libre UPO,ESOLIUPO,2023-03
936539844079218688,"Â¡Hola #dataholics! La primavera trompetera se siente por las esquinasğŸŒ¼y para celebrarlo estamos organizando una nueva ediciÃ³n de #Databeers (Â¡y van 19!):

ğŸ“…Jueves 23/03 19.00
ğŸ“ @sngular #Sevilla 
ğŸ» by @opensistemas y @TheBridge_Tech 

Â¡INSCRÃBETE! https://t.co/fK5QNZzE5m",2023-03-07 17:16:14,357,8,1,0,3,DatabeerSVQ,DatabeerSVQ,2023-03
